{
    "Total Portfolio Value": 95000.0,
    "Adjusted Allocations": {
        "LINK": 17231.17807691546,
        "DYDX": 9907.92739422639,
        "THOR": 4846.268834132474,
        "SNX": 14538.806502397416,
        "ETH": 24899.376215467597,
        "BTC": 23576.44297686068
    },
    "Expected Returns for Each Asset": {
        "LINK": 86155.8903845773,
        "DYDX": 123849.09242782988,
        "THOR": 48462.68834132474,
        "SNX": 145388.06502397417,
        "ETH": 331161.7036657191,
        "BTC": 87232.83901438452
    },
    "Overall Portfolio Return": 822250.2788578097
}