{
    "Total Portfolio Value": 90848.55670699217,
    "Adjusted Allocations": {
        "LINK": 16478.1858805151,
        "DYDX": 9474.956881296182,
        "THOR": 4634.489778894872,
        "SNX": 13903.469336684611,
        "ETH": 23811.28833768042,
        "BTC": 22546.166491920994
    },
    "Expected Returns for Each Asset": {
        "LINK": 82390.9294025755,
        "DYDX": 118436.96101620229,
        "THOR": 46344.89778894872,
        "SNX": 139034.69336684613,
        "ETH": 316690.1348911496,
        "BTC": 83420.81602010768
    },
    "Overall Portfolio Return": 786318.4324858299
}