{
    "Total Portfolio Value": 117988.59582291663,
    "Cash Balance": -75168.19704407064,
    "Kelly Ratio Allocations": {
        "SYN": 0.11157250470809792,
        "FXS": -0.009493041749502981,
        "LINK": 0.12058459422283355,
        "LDO": 0.21199652777777778,
        "XAUT": 0.15057377049180326,
        "DYDX": 0.020450310559006216,
        "THOR": 0.1896205200281096,
        "RETH": 0.2293558282208589,
        "STETH": 0.18966666666666665,
        "SNX": 0.12889728096676736,
        "USH": 0.21095909732016926,
        "ETH": 0.06534136546184738,
        "BTC": 0.03976090014064698
    },
    "Dollar Allocations": {
        "SYN": 7888.570188912833,
        "FXS": 0.0,
        "LINK": 8525.756750886623,
        "LDO": 14988.903346358506,
        "XAUT": 10646.097443464769,
        "DYDX": 1445.9091928773107,
        "THOR": 13406.840559987239,
        "RETH": 16216.267205706661,
        "STETH": 13410.10329033637,
        "SNX": 9113.493066473771,
        "USH": 14915.553348504003,
        "ETH": 4619.865342574644,
        "BTC": 2811.2360868338806
    },
    "Expected Overall Gain": 2.7383342996654765,
    "Expected Overall Gain (Kelly)": 4.791222351016862,
    "Expected Profit": 398260.41595533,
    "Expected Profit (Kelly)": 565309.5974718529
}