{
    "Total Portfolio Value": 146529.56376935265,
    "Adjusted Allocations": {
        "SYN": 8969.5283941529,
        "FXS": 4103.452173153554,
        "LINK": 9220.89998721383,
        "LDO": 14654.876891549833,
        "XAUT": 11402.031850159425,
        "DYDX": 3464.290625482489,
        "THOR": 13332.92052369998,
        "RETH": 15704.386035097197,
        "STETH": 13377.0655240462,
        "SNX": 10246.451707498361,
        "USDT": 16560.323652332947,
        "USH": 14598.830523779543,
        "ETH": 6450.43527514505,
        "BTC": 4444.070606041326
    },
    "Expected Returns for Each Asset": {
        "SYN": 95256.39154590378,
        "FXS": 20640.364430962378,
        "LINK": 134071.8858140891,
        "LDO": 168824.18179065408,
        "XAUT": 55641.91542877799,
        "DYDX": 44620.06325621446,
        "THOR": 189727.45905225072,
        "RETH": 255981.49237208432,
        "STETH": 150491.98714551976,
        "SNX": 33915.755151819576,
        "USDT": 246086.4094736676,
        "USH": 207011.41682719393,
        "ETH": 64246.3353404447,
        "BTC": 63194.68401790765
    },
    "Overall Portfolio Return": 1729710.3416474902
}